Rank,Country,Production (bpd)
1,Nigeria,1510000
2,Libya,1400000
3,Angola,1300000
4,Algeria,960000
5,Egypt,700000
6,Equatorial Guinea,400000
7,Gabon,300000
8,Republic of the Congo,267000
9,South Sudan,200000
10,Ghana,150000
11,Côte d’Ivoire,60000
12,Niger,110000
